-- phpMyAdmin SQL Dump
-- version 4.1.12
-- http://www.phpmyadmin.net
--
-- Host: 127.0.0.1
-- Generation Time: Jan 18, 2017 at 05:15 PM
-- Server version: 5.6.16
-- PHP Version: 5.5.11

SET SQL_MODE = "NO_AUTO_VALUE_ON_ZERO";
SET time_zone = "+00:00";


/*!40101 SET @OLD_CHARACTER_SET_CLIENT=@@CHARACTER_SET_CLIENT */;
/*!40101 SET @OLD_CHARACTER_SET_RESULTS=@@CHARACTER_SET_RESULTS */;
/*!40101 SET @OLD_COLLATION_CONNECTION=@@COLLATION_CONNECTION */;
/*!40101 SET NAMES utf8 */;

--
-- Database: `simfoni`
--

-- --------------------------------------------------------

--
-- Table structure for table `alumni`
--

CREATE TABLE IF NOT EXISTS `alumni` (
  `nim` varchar(50) NOT NULL,
  `foto` text NOT NULL,
  `jenis_kelamin` varchar(15) NOT NULL,
  `agama` varchar(40) NOT NULL,
  `tempat_lahir` varchar(60) NOT NULL,
  `prodi` varchar(100) NOT NULL,
  `tanggal_lahir` date NOT NULL,
  `tahun_masuk` varchar(4) NOT NULL,
  `tanggal_lulus` date NOT NULL,
  `IPK` varchar(4) NOT NULL,
  `no_transkrip` varchar(20) NOT NULL,
  `no_ijazah` varchar(20) NOT NULL,
  `judul_ta` text NOT NULL,
  `alamat` text NOT NULL,
  `RT` varchar(5) NOT NULL,
  `RW` varchar(5) NOT NULL,
  `kelurahan` varchar(50) NOT NULL,
  `kecamatan` varchar(50) NOT NULL,
  `propinsi` varchar(50) NOT NULL,
  `kota` varchar(50) NOT NULL,
  PRIMARY KEY (`nim`)
) ENGINE=InnoDB DEFAULT CHARSET=latin1;

--
-- Dumping data for table `alumni`
--

INSERT INTO `alumni` (`nim`, `foto`, `jenis_kelamin`, `agama`, `tempat_lahir`, `prodi`, `tanggal_lahir`, `tahun_masuk`, `tanggal_lulus`, `IPK`, `no_transkrip`, `no_ijazah`, `judul_ta`, `alamat`, `RT`, `RW`, `kelurahan`, `kecamatan`, `propinsi`, `kota`) VALUES
('1332610063', 'c38f2b00e13d007d3b0e7193bee72eba.jpg', 'Pria', 'Islam', 'Malang', '(S1-KEP) S1 - Keperawatan', '1994-06-15', '2013', '2016-08-17', '3.45', '77789798798798798797', '77789798798798798797', 'Aplikasi Corel Draw X6 untuk Booklet For Company Profile sebagai Media Promosi di Kripik Apel Sary Sister Kota Batu', 'Jl. Wayan Purnama no.  90', '04', '04', 'Cikarang', 'Ciputat', 'Dki Jakarta', 'Kota Jakarta Barat'),
('1332610112', 'c5cea1c25f361a4439dc2f627907ee4e.jpg', 'Wanita', 'Islam', 'Malang', '(S1-KEP) S1 - Keperawatan', '1994-06-08', '2013', '2016-08-17', '3.45', '77789798798798798797', '77789798798798798797', 'Pengaruh Merek terhadap Keputusan Pembelian Produk Tupperware (Studi pada Mahasiswa D3 Jurusan Administrasi Niaga Politeknik Negeri Malang)', 'Jalan Kapiten Patimura no. 02', '02', '03', 'Cikarang', 'Ciputat', 'Dki Jakarta', 'Kota Jakarta Timur'),
('1332610113', '1072943ab4cdc6efeb6e39f00f25351c.jpg', 'Wanita', 'Islam', 'Malang', '(S1-KEP) S1 - Keperawatan', '1994-06-15', '2013', '2016-08-17', '3.45', 'aa66a6a6', 'aa66a6a6', 'Analisis Prosedur Administrasi Pengadaan Barang di PT Surya Beton Indonesia - Malang', 'Jalan Kapiten Patimura no. 01', '02', '03', 'Cikarang', 'Ciputat', 'Dki Jakarta', 'Kota Jakarta Pusat'),
('1332610177', 'c1d692db14c2e52d55727d9730c76a00.jpg', 'Pria', 'Islam', 'Malang', '(S1-KEP) S1 - Keperawatan', '1994-06-08', '2013', '2016-08-17', '3.45', '77789798798798798797', '77789798798798798797', 'Analisis Administrasi Pengadaan Bahan Baku di UD Gangsar Snack and Food Tulungagung', 'Jl. Wayan Purnama no.  90', '02', '03', 'Cikarang', 'Ciputat', 'Banten', 'Kab. Pandeglang'),
('1332610180', '2a9c23fce970e857b179972ff756db39.jpg', 'Pria', 'Islam', 'Malang', '(S1-KEP) S1 - Keperawatan', '1994-06-15', '2012', '2015-08-17', '3.44', 'aa66a6a6', 'aa66a6a6', 'Strategi Pengendalian Persediaan Guna Mengurangi Barang Expired dan Bad Stock di Toko Alfamart Ampel Dento (M751) Malang', 'Jalan Kapiten Patimura no. 02', '04', '04', 'Cikarang', 'Ciputat', 'Jawa Tengah', 'Kab. Cilacap'),
('1332610186', '81c35425a88ac29a2d60ae41b524e2e5.jpg', 'Wanita', 'Islam', 'Malang', '(S1-KEP) S1 - Keperawatan', '1994-06-08', '2012', '2015-08-17', '3.45', '77789798798798798797', '77789798798798798797', 'Analisis Prosedur Administrasi Pengadaan Barang di PT Surya Beton Indonesia - Malang', 'Jalan Kapiten Patimura no. 02', '02', '031', 'Cikarang', 'Ciputat', 'Banten', 'Kota Serang'),
('1432613001', '9cf81b0993e5904d336a9a9025252ca2.jpg', 'Pria', 'Islam', 'Jakarta', '(S1-KEP) S1 - Keperawatan', '1995-07-14', '2011', '2014-08-17', '3.45', 'aa66a6a6', 'aa66a6a6', 'Analisis Prosedur Administrasi', 'Jalan Kapiten Patimura no. 92', '02', '03', 'Cikarang', 'Ciputat', 'Riau', 'Kab. S I A K'),
('1432613002', '92515498fe67961ce794a83ba9ebbee7.jpg', 'Wanita', 'Islam', 'Malang', '(D3-KEP) DIII - Keperawatan', '1994-06-08', '2011', '2014-08-17', '3.45', '77789798798798798797', '77789798798798798797', 'Implementasi Prosedur Administrasi Pemutusan Hubungan Kerja pada PT Laser Jaya Sakti Gempol-Pasuruan', 'Jl. Wayan Purnama no.  90', '02', '03', 'Cikarang Raya', 'Ciputat Timur', 'Dki Jakarta', 'Kota Jakarta Utara'),
('1432613003', '0a364947738516fe4c33203595881a5a.jpg', 'Pria', 'Islam', 'Malang', '(D3-KEP) DIII - Keperawatan', '1994-06-08', '2012', '2015-08-17', '3.45', '77789798798798798797', '77789798798798798797', 'Pelaksanaan Pemusnahan Arsip Guna Menghemat Sarana Penyimpanan Arsip di Kantor Imigrasi Kelas I Malang', 'Jalan Kapiten Patimura no. 02', '05', '04', 'Cikarang', 'Ciputat', 'Banten', 'Kab. Tangerang'),
('1432613006', '263ea9724a1d86a649b280b08a8dfcf9.jpg', 'Wanita', 'Islam', 'Malang', '(D3-KEP) DIII - Keperawatan', '1994-06-08', '2011', '2014-08-17', '3.45', '77789798798798798797', '77789798798798798797', 'Analisis Administrasi Pengadaan Bahan Baku di UD Gangsar Snack and Food Tulungagung', 'Jalan Kapiten Patimura no. 92', '02', '04', 'Cikarang', 'Ciputat', 'Jawa Barat', 'Kota Bogor'),
('1432613007', 'aad35db30f43ff3b69a3aba2c7b32e6a.jpg', 'Wanita', 'Islam', 'Malang', '(D3-KEP) DIII - Keperawatan', '1994-06-09', '2014', '2016-08-17', '3.44', '77789798798798798797', '77789798798798798797', 'Aplikasi Microsoft Access 2010 untuk Pengolahan Data Transaksi Persewaan Mobil di Omega Vista Jaya Tour and Travel Malang', 'Jl. Wayan Purnama no.  90', '05', '04', 'Cikarang', 'Ciputat', 'Banten', 'Kab. Lebak'),
('1432613012', '5fd735f1972cbeb6ed914e473e9ad0c3.jpg', 'Pria', 'Islam', 'Malang', '(D3-KEP) DIII - Keperawatan', '1995-07-07', '2013', '2016-08-17', '3.44', '77789798798798798797', '77789798798798798797', 'Aplikasi Microsoft Excel untuk Mengolah Gaji di Wonderwash Quality Laundry', 'Jalan Kapiten Patimura no. 01', '03', '04', 'Cikarang', 'Ciputat', 'Lampung', 'Kab. Lampung Utara'),
('1532613012', 'nopic.jpg', 'Pria', 'Islam', 'Jakarta', '(D3-KEP) DIII - Keperawatan', '1984-06-06', '2015', '2014-06-04', '3.45', '77789798798798798797', '11111111111111111111', 'Aplikasi Corel Draw X6 untuk Booklet For Company Profile sebagai Media Promosi di Kripik Apel Sary Sister Kota Batu', 'Jalan Kapiten Patimura no. 02', '02', '03', 'Cikarang', 'Ciputat', 'Aceh', 'Kab. Pidie Jaya');

-- --------------------------------------------------------

--
-- Table structure for table `pekerjaan`
--

CREATE TABLE IF NOT EXISTS `pekerjaan` (
  `id_pekerjaan` int(20) NOT NULL AUTO_INCREMENT,
  `nim` varchar(50) NOT NULL,
  `nama_kantor` varchar(50) NOT NULL,
  `alamat` varchar(50) NOT NULL,
  `propinsi` varchar(50) NOT NULL,
  `kota` varchar(50) NOT NULL,
  `no_telepon` varchar(15) NOT NULL,
  `no_fax` varchar(15) NOT NULL,
  `email` varchar(60) NOT NULL,
  `website` varchar(50) NOT NULL,
  `jenis_pekerjaan` varchar(60) NOT NULL,
  `bidang_pekerjaan` varchar(60) NOT NULL,
  `jabatan` varchar(60) NOT NULL,
  `pendapatan` varchar(50) NOT NULL,
  `tgl_mulai` date NOT NULL,
  `tgl_akhir` date DEFAULT NULL,
  `sumber_info` varchar(30) NOT NULL,
  PRIMARY KEY (`id_pekerjaan`)
) ENGINE=InnoDB  DEFAULT CHARSET=latin1 AUTO_INCREMENT=12 ;

--
-- Dumping data for table `pekerjaan`
--

INSERT INTO `pekerjaan` (`id_pekerjaan`, `nim`, `nama_kantor`, `alamat`, `propinsi`, `kota`, `no_telepon`, `no_fax`, `email`, `website`, `jenis_pekerjaan`, `bidang_pekerjaan`, `jabatan`, `pendapatan`, `tgl_mulai`, `tgl_akhir`, `sumber_info`) VALUES
(1, '1332610063', 'Rumah Sakit Umum Florensia', 'Jln. Mawar no. 10', 'Di Yogyakarta', 'Kab. Kulon Progo', '03419999990', '03419999990', 'rsu@dinkes.com', 'rsu.com', 'PNS', 'Kesehatan', 'Perawat', 'Kurang dari 1.500.000', '2016-09-21', '2016-10-26', 'Teman/Kerabat'),
(2, '1332610112', 'Rumah Sakit Muhamadiyah Prambanan', 'Jln. Florensia no 90', 'Jawa Timur', 'Kab. Madiun', '03419999990', '03419999990', 'ichijo@raku.com', 'www.rsu.com', 'Rumah Sakit', 'Kesehatan', 'Perawat', 'Kurang dari Rp. 1.500.000', '2016-10-01', '0000-00-00', 'Pihak Kampus'),
(3, '1332610113', 'Rumah Sakit Alphabet', 'Jl Borobudur no 98', 'Jawa Tengah', 'Kab. Grobogan', '03419999999', '03419999990', 'rsu@dinkes.com', 'www.rsu.com', 'Rumah Sakit', 'Kesehatan', 'Perawat', 'Kurang dari Rp. 1.500.000', '2016-12-13', '0000-00-00', 'Pihak Kampus'),
(4, '1332610177', 'Apotik Alpha', 'Jl. Ken Dedes no 90', 'Banten', 'Kab. Lebak', '03419999999', '03419999990', 'apotik@gmail.com', 'www.apotik.com', 'Swasta', 'Kesehatan', 'Kasir', 'Kurang dari Rp. 1.500.000', '2016-12-30', '0000-00-00', 'Media Online'),
(5, '1332610180', 'PT Kamelia Farma', 'Jl. Globin no 90', 'Jawa Barat', 'Kab. Pangandaran', '08341999222', '08341999922', 'farma@gmail.com', 'www.farma.com', 'PNS', 'Kesehatan', 'Quality Tester', 'Kurang dari Rp. 1.500.000', '2015-12-22', '0000-00-00', 'Teman/Kerabat'),
(6, '1332610186', 'PT Luisa Farma', 'Jl. Kamelia no 90', 'Dki Jakarta', 'Kota Jakarta Pusat', '03419999992', '03419999990', 'farma@gmail.com', 'www.farma.com', 'Swasta', 'Industri', 'Junior Officer', 'Kurang dari Rp. 1.500.000', '2015-10-12', '0000-00-00', 'Media Cetak'),
(7, '1432613003', 'AKPER Jayaraya Jakarta', 'Jl. Harapan no. 55', 'Dki Jakarta', 'Kota Jakarta Selatan', '03419999990', '03419999990', 'jayaraya@gmail.com', 'www.jayaraya.com', 'Swasta', 'Pendidikan', 'Junior Officer', 'Kurang dari Rp. 1.500.000', '2015-12-17', '0000-00-00', 'Media Elektronik'),
(8, '1432613001', 'Klinik Permata Tiara', 'Jl. Naraya no 88', 'Jawa Barat', 'Kab. Purwakarta', '03419999990', '03419999990', 'klinik@gmail.com', 'www.klinik.com', 'BPS Mandiri', 'Kesehatan', 'Perawat', 'Kurang dari Rp. 1.500.000', '2014-12-20', '0000-00-00', 'Pihak Kampus'),
(9, '1432613002', 'Oulet Verlita', 'Jl. Permata no 77', 'Dki Jakarta', 'Kota Jakarta Pusat', '03419999990', '03419999990', 'outlet@gmail.com', 'www.outlet.com', 'Swasta', 'Pedagang', 'Owner', 'Kurang dari Rp. 1.500.000', '2014-11-17', '0000-00-00', 'Media Online'),
(10, '1432613006', 'Touch Ten ltd.', 'Jl. Malam no 66', 'Banten', 'Kab. Tangerang', '03419999990', '03419999220', 'haru@onodera.com', 'www.dirjenpajak9.co.id', 'PNS', 'Kesehatan', 'Graphic Designer', 'Kurang dari Rp. 1.500.000', '2014-10-24', '0000-00-00', 'Media Elektronik'),
(11, '1332610063', 'Klinik Permata Tiara', 'Jl. Permata 55', 'Jawa Tengah', 'Kab. Rembang', '03419999990', '03419999990', 'erlita@gmail.com', 'www.dirjenpajak9.co.id', 'PNS', 'Kesehatan', 'Perawat', 'Kurang dari Rp. 1.500.000', '2016-11-23', '0000-00-00', 'Pihak Kampus');

-- --------------------------------------------------------

--
-- Table structure for table `pengumuman`
--

CREATE TABLE IF NOT EXISTS `pengumuman` (
  `id_pengumuman` int(50) NOT NULL AUTO_INCREMENT,
  `judul_pengumuman` varchar(100) NOT NULL,
  `tgl_pengumuman` date NOT NULL,
  `isi_pengumuman` text NOT NULL,
  PRIMARY KEY (`id_pengumuman`)
) ENGINE=InnoDB  DEFAULT CHARSET=latin1 AUTO_INCREMENT=6 ;

--
-- Dumping data for table `pengumuman`
--

INSERT INTO `pengumuman` (`id_pengumuman`, `judul_pengumuman`, `tgl_pengumuman`, `isi_pengumuman`) VALUES
(1, 'Info 21', '2016-11-06', 'Lorem ipsum dolor sit amet, consectetur adipisicing elit, sed do eiusmod\ntempor incididunt ut labore et dolore magna aliqua. Ut enim ad minim veniam,\nquis nostrud exercitation ullamco laboris nisi ut aliquip ex ea commodo\nconsequat. Duis aute irure dolor in reprehenderit in voluptate velit esse\ncillum dolore eu fugiat nulla pariatur. Excepteur sint occaecat cupidatat non\nproident, sunt in culpa qui officia deserunt mollit anim id est laborum.'),
(2, 'Info 22', '2016-11-06', 'Lorem 22 ipsum dolor sit amet, consectetur adipisicing elit, sed do eiusmod\r\ntempor incididunt ut labore et dolore magna aliqua. Ut enim ad minim veniam,\r\nquis nostrud exercitation ullamco laboris nisi ut aliquip ex ea commodo\r\nconsequat. Duis aute irure dolor in reprehenderit in voluptate velit esse\r\ncillum dolore eu fugiat nulla pariatur. Excepteur sint occaecat cupidatat non\r\nproident, sunt in culpa qui officia deserunt mollit anim id est laborum.'),
(3, 'Info 23', '2016-11-06', 'Lorem 232 ipsum dolor sit amet, consectetur adipisicing elit, sed do eiusmod\r\ntempor incididunt ut labore et dolore magna aliqua. Ut enim ad minim veniam,\r\nquis nostrud exercitation ullamco laboris nisi ut aliquip ex ea commodo\r\nconsequat. Duis aute irure dolor in reprehenderit in voluptate velit esse\r\ncillum dolore eu fugiat nulla pariatur. Excepteur sint occaecat cupidatat non\r\nproident, sunt in culpa qui officia deserunt mollit anim id est laborum.'),
(4, 'Info 24', '2016-11-06', 'Lorem 2342 ipsum dolor sit amet, consectetur adipisicing elit, sed do eiusmod\r\ntempor incididunt ut labore et dolore magna aliqua. Ut enim ad minim veniam,\r\nquis nostrud exercitation ullamco laboris nisi ut aliquip ex ea commodo\r\nconsequat. Duis aute irure dolor in reprehenderit in voluptate velit esse\r\ncillum dolore eu fugiat nulla pariatur. Excepteur sint occaecat cupidatat non\r\nproident, sunt in culpa qui officia deserunt mollit anim id est laborum.'),
(5, 'Info 25', '2016-11-06', 'Lorem 23425 ipsum dolor sit amet, consectetur adipisicing elit, sed do eiusmod\r\ntempor incididunt ut labore et dolore magna aliqua. Ut enim ad minim veniam,\r\nquis nostrud exercitation ullamco laboris nisi ut aliquip ex ea commodo\r\nconsequat. Duis aute irure dolor in reprehenderit in voluptate velit esse\r\ncillum dolore eu fugiat nulla pariatur. Excepteur sint occaecat cupidatat non\r\nproident, sunt in culpa qui officia deserunt mollit anim id est laborum.');

-- --------------------------------------------------------

--
-- Table structure for table `prodi`
--

CREATE TABLE IF NOT EXISTS `prodi` (
  `kode` varchar(50) NOT NULL,
  `nama_prodi` varchar(80) NOT NULL,
  PRIMARY KEY (`kode`)
) ENGINE=InnoDB DEFAULT CHARSET=latin1;

--
-- Dumping data for table `prodi`
--

INSERT INTO `prodi` (`kode`, `nama_prodi`) VALUES
('D3-KEP', 'DIII - Keperawatan'),
('S1-KEP', 'S1 - Keperawatan');

-- --------------------------------------------------------

--
-- Table structure for table `user`
--

CREATE TABLE IF NOT EXISTS `user` (
  `username` varchar(50) NOT NULL,
  `password` text NOT NULL,
  `level` varchar(6) NOT NULL,
  `nama` varchar(50) NOT NULL,
  `no_hp` varchar(13) NOT NULL,
  `email` varchar(60) NOT NULL,
  PRIMARY KEY (`username`)
) ENGINE=InnoDB DEFAULT CHARSET=latin1;

--
-- Dumping data for table `user`
--

INSERT INTO `user` (`username`, `password`, `level`, `nama`, `no_hp`, `email`) VALUES
('1332610063', 'a510166163833c79aa703646f59c04bb', 'member', 'ADHI DWI KURNIAWAN', '08211111112', 'adhi@gmail.com'),
('1332610112', 'a510166163833c79aa703646f59c04bb', 'member', 'ADELA PUTRI AGISTA', '08211111122', 'adelia@gmail.com'),
('1332610113', 'a510166163833c79aa703646f59c04bb', 'member', 'AGUSTINA SETYAWATI', '08211111111', 'agustina@gmail.com'),
('1332610177', 'a510166163833c79aa703646f59c04bb', 'member', 'EDO SETYO ANGGORO', '08211111111', 'anggoro@gmail.com'),
('1332610180', 'a510166163833c79aa703646f59c04bb', 'member', 'ABDURROHMAN ASHFAHANI', '08211111122', 'ashfahani@gmail.com'),
('1332610186', 'a510166163833c79aa703646f59c04bb', 'member', 'AYU DWI CAHYANI', '08211111122', 'cahyani@pajak.com'),
('1432613001', 'a510166163833c79aa703646f59c04bb', 'member', 'CHERLY DWI KUSUMAWATI', '08211111112', 'cherlydwi2@gmail.com'),
('1432613002', 'a510166163833c79aa703646f59c04bb', 'member', 'ELVIRA WIDYANINGTYAS', '08211111122', 'ervira@gmail.com'),
('1432613003', 'a510166163833c79aa703646f59c04bb', 'member', 'ERLITA MAULIDA PUTRI', '08211111122', 'erlita@gmail.com'),
('1432613006', 'a510166163833c79aa703646f59c04bb', 'member', 'NURUL QOMARIYAH', '08211111112', 'nurul@gmail.com'),
('1432613007', 'a510166163833c79aa703646f59c04bb', 'member', 'FEBRIANZAH AGUNG PRASETYA', '08211111122', 'febrianzah@gmail.com'),
('1432613012', 'a510166163833c79aa703646f59c04bb', 'member', 'ALVY SUBEKTI KURNIAWAN', '08211111122', 'Alvykurniawan9@yahoo.co.id'),
('1532613012', 'a510166163833c79aa703646f59c04bb', 'member', 'ABDURROHMAN ASHFAHANI', '082111111119', 'erlita@gmail.com'),
('ichijo', '0192023a7bbd73250516f069df18b500', 'admin', 'Ichijo Raku', '08211111111', 'ichijo@raku.com'),
('onodera', '6b5849fef6affb22e1d0dac14436fab7', 'admin', 'Kosaki Onodera', '08211111111', 'yologami@gmail.com');

-- --------------------------------------------------------

--
-- Table structure for table `wilayah_kabupaten`
--

CREATE TABLE IF NOT EXISTS `wilayah_kabupaten` (
  `id` varchar(4) NOT NULL,
  `provinsi_id` varchar(2) NOT NULL DEFAULT '',
  `nama` varchar(30) NOT NULL,
  PRIMARY KEY (`id`)
) ENGINE=InnoDB DEFAULT CHARSET=latin1;

--
-- Dumping data for table `wilayah_kabupaten`
--

INSERT INTO `wilayah_kabupaten` (`id`, `provinsi_id`, `nama`) VALUES
('1101', '11', 'Kab. Simeulue'),
('1102', '11', 'Kab. Aceh Singkil'),
('1103', '11', 'Kab. Aceh Selatan'),
('1104', '11', 'Kab. Aceh Tenggara'),
('1105', '11', 'Kab. Aceh Timur'),
('1106', '11', 'Kab. Aceh Tengah'),
('1107', '11', 'Kab. Aceh Barat'),
('1108', '11', 'Kab. Aceh Besar'),
('1109', '11', 'Kab. Pidie'),
('1110', '11', 'Kab. Bireuen'),
('1111', '11', 'Kab. Aceh Utara'),
('1112', '11', 'Kab. Aceh Barat Daya'),
('1113', '11', 'Kab. Gayo Lues'),
('1114', '11', 'Kab. Aceh Tamiang'),
('1115', '11', 'Kab. Nagan Raya'),
('1116', '11', 'Kab. Aceh Jaya'),
('1117', '11', 'Kab. Bener Meriah'),
('1118', '11', 'Kab. Pidie Jaya'),
('1171', '11', 'Kota Banda Aceh'),
('1172', '11', 'Kota Sabang'),
('1173', '11', 'Kota Langsa'),
('1174', '11', 'Kota Lhokseumawe'),
('1175', '11', 'Kota Subulussalam'),
('1201', '12', 'Kab. Nias'),
('1202', '12', 'Kab. Mandailing Natal'),
('1203', '12', 'Kab. Tapanuli Selatan'),
('1204', '12', 'Kab. Tapanuli Tengah'),
('1205', '12', 'Kab. Tapanuli Utara'),
('1206', '12', 'Kab. Toba Samosir'),
('1207', '12', 'Kab. Labuhan Batu'),
('1208', '12', 'Kab. Asahan'),
('1209', '12', 'Kab. Simalungun'),
('1210', '12', 'Kab. Dairi'),
('1211', '12', 'Kab. Karo'),
('1212', '12', 'Kab. Deli Serdang'),
('1213', '12', 'Kab. Langkat'),
('1214', '12', 'Kab. Nias Selatan'),
('1215', '12', 'Kab. Humbang Hasundutan'),
('1216', '12', 'Kab. Pakpak Bharat'),
('1217', '12', 'Kab. Samosir'),
('1218', '12', 'Kab. Serdang Bedagai'),
('1219', '12', 'Kab. Batu Bara'),
('1220', '12', 'Kab. Padang Lawas Utara'),
('1221', '12', 'Kab. Padang Lawas'),
('1222', '12', 'Kab. Labuhan Batu Selatan'),
('1223', '12', 'Kab. Labuhan Batu Utara'),
('1224', '12', 'Kab. Nias Utara'),
('1225', '12', 'Kab. Nias Barat'),
('1271', '12', 'Kota Sibolga'),
('1272', '12', 'Kota Tanjung Balai'),
('1273', '12', 'Kota Pematang Siantar'),
('1274', '12', 'Kota Tebing Tinggi'),
('1275', '12', 'Kota Medan'),
('1276', '12', 'Kota Binjai'),
('1277', '12', 'Kota Padangsidimpuan'),
('1278', '12', 'Kota Gunungsitoli'),
('1301', '13', 'Kab. Kepulauan Mentawai'),
('1302', '13', 'Kab. Pesisir Selatan'),
('1303', '13', 'Kab. Solok'),
('1304', '13', 'Kab. Sijunjung'),
('1305', '13', 'Kab. Tanah Datar'),
('1306', '13', 'Kab. Padang Pariaman'),
('1307', '13', 'Kab. Agam'),
('1308', '13', 'Kab. Lima Puluh Kota'),
('1309', '13', 'Kab. Pasaman'),
('1310', '13', 'Kab. Solok Selatan'),
('1311', '13', 'Kab. Dharmasraya'),
('1312', '13', 'Kab. Pasaman Barat'),
('1371', '13', 'Kota Padang'),
('1372', '13', 'Kota Solok'),
('1373', '13', 'Kota Sawah Lunto'),
('1374', '13', 'Kota Padang Panjang'),
('1375', '13', 'Kota Bukittinggi'),
('1376', '13', 'Kota Payakumbuh'),
('1377', '13', 'Kota Pariaman'),
('1401', '14', 'Kab. Kuantan Singingi'),
('1402', '14', 'Kab. Indragiri Hulu'),
('1403', '14', 'Kab. Indragiri Hilir'),
('1404', '14', 'Kab. Pelalawan'),
('1405', '14', 'Kab. S I A K'),
('1406', '14', 'Kab. Kampar'),
('1407', '14', 'Kab. Rokan Hulu'),
('1408', '14', 'Kab. Bengkalis'),
('1409', '14', 'Kab. Rokan Hilir'),
('1410', '14', 'Kab. Kepulauan Meranti'),
('1471', '14', 'Kota Pekanbaru'),
('1473', '14', 'Kota D U M A I'),
('1501', '15', 'Kab. Kerinci'),
('1502', '15', 'Kab. Merangin'),
('1503', '15', 'Kab. Sarolangun'),
('1504', '15', 'Kab. Batang Hari'),
('1505', '15', 'Kab. Muaro Jambi'),
('1506', '15', 'Kab. Tanjung Jabung Timur'),
('1507', '15', 'Kab. Tanjung Jabung Barat'),
('1508', '15', 'Kab. Tebo'),
('1509', '15', 'Kab. Bungo'),
('1571', '15', 'Kota Jambi'),
('1572', '15', 'Kota Sungai Penuh'),
('1601', '16', 'Kab. Ogan Komering Ulu'),
('1602', '16', 'Kab. Ogan Komering Ilir'),
('1603', '16', 'Kab. Muara Enim'),
('1604', '16', 'Kab. Lahat'),
('1605', '16', 'Kab. Musi Rawas'),
('1606', '16', 'Kab. Musi Banyuasin'),
('1607', '16', 'Kab. Banyu Asin'),
('1608', '16', 'Kab. Ogan Komering Ulu Selatan'),
('1609', '16', 'Kab. Ogan Komering Ulu Timur'),
('1610', '16', 'Kab. Ogan Ilir'),
('1611', '16', 'Kab. Empat Lawang'),
('1671', '16', 'Kota Palembang'),
('1672', '16', 'Kota Prabumulih'),
('1673', '16', 'Kota Pagar Alam'),
('1674', '16', 'Kota Lubuklinggau'),
('1701', '17', 'Kab. Bengkulu Selatan'),
('1702', '17', 'Kab. Rejang Lebong'),
('1703', '17', 'Kab. Bengkulu Utara'),
('1704', '17', 'Kab. Kaur'),
('1705', '17', 'Kab. Seluma'),
('1706', '17', 'Kab. Mukomuko'),
('1707', '17', 'Kab. Lebong'),
('1708', '17', 'Kab. Kepahiang'),
('1709', '17', 'Kab. Bengkulu Tengah'),
('1771', '17', 'Kota Bengkulu'),
('1801', '18', 'Kab. Lampung Barat'),
('1802', '18', 'Kab. Tanggamus'),
('1803', '18', 'Kab. Lampung Selatan'),
('1804', '18', 'Kab. Lampung Timur'),
('1805', '18', 'Kab. Lampung Tengah'),
('1806', '18', 'Kab. Lampung Utara'),
('1807', '18', 'Kab. Way Kanan'),
('1808', '18', 'Kab. Tulangbawang'),
('1809', '18', 'Kab. Pesawaran'),
('1810', '18', 'Kab. Pringsewu'),
('1811', '18', 'Kab. Mesuji'),
('1812', '18', 'Kab. Tulang Bawang Barat'),
('1813', '18', 'Kab. Pesisir Barat'),
('1871', '18', 'Kota Bandar Lampung'),
('1872', '18', 'Kota Metro'),
('1901', '19', 'Kab. Bangka'),
('1902', '19', 'Kab. Belitung'),
('1903', '19', 'Kab. Bangka Barat'),
('1904', '19', 'Kab. Bangka Tengah'),
('1905', '19', 'Kab. Bangka Selatan'),
('1906', '19', 'Kab. Belitung Timur'),
('1971', '19', 'Kota Pangkal Pinang'),
('2101', '21', 'Kab. Karimun'),
('2102', '21', 'Kab. Bintan'),
('2103', '21', 'Kab. Natuna'),
('2104', '21', 'Kab. Lingga'),
('2105', '21', 'Kab. Kepulauan Anambas'),
('2171', '21', 'Kota B A T A M'),
('2172', '21', 'Kota Tanjung Pinang'),
('3101', '31', 'Kab. Kepulauan Seribu'),
('3171', '31', 'Kota Jakarta Selatan'),
('3172', '31', 'Kota Jakarta Timur'),
('3173', '31', 'Kota Jakarta Pusat'),
('3174', '31', 'Kota Jakarta Barat'),
('3175', '31', 'Kota Jakarta Utara'),
('3201', '32', 'Kab. Bogor'),
('3202', '32', 'Kab. Sukabumi'),
('3203', '32', 'Kab. Cianjur'),
('3204', '32', 'Kab. Bandung'),
('3205', '32', 'Kab. Garut'),
('3206', '32', 'Kab. Tasikmalaya'),
('3207', '32', 'Kab. Ciamis'),
('3208', '32', 'Kab. Kuningan'),
('3209', '32', 'Kab. Cirebon'),
('3210', '32', 'Kab. Majalengka'),
('3211', '32', 'Kab. Sumedang'),
('3212', '32', 'Kab. Indramayu'),
('3213', '32', 'Kab. Subang'),
('3214', '32', 'Kab. Purwakarta'),
('3215', '32', 'Kab. Karawang'),
('3216', '32', 'Kab. Bekasi'),
('3217', '32', 'Kab. Bandung Barat'),
('3218', '32', 'Kab. Pangandaran'),
('3271', '32', 'Kota Bogor'),
('3272', '32', 'Kota Sukabumi'),
('3273', '32', 'Kota Bandung'),
('3274', '32', 'Kota Cirebon'),
('3275', '32', 'Kota Bekasi'),
('3276', '32', 'Kota Depok'),
('3277', '32', 'Kota Cimahi'),
('3278', '32', 'Kota Tasikmalaya'),
('3279', '32', 'Kota Banjar'),
('3301', '33', 'Kab. Cilacap'),
('3302', '33', 'Kab. Banyumas'),
('3303', '33', 'Kab. Purbalingga'),
('3304', '33', 'Kab. Banjarnegara'),
('3305', '33', 'Kab. Kebumen'),
('3306', '33', 'Kab. Purworejo'),
('3307', '33', 'Kab. Wonosobo'),
('3308', '33', 'Kab. Magelang'),
('3309', '33', 'Kab. Boyolali'),
('3310', '33', 'Kab. Klaten'),
('3311', '33', 'Kab. Sukoharjo'),
('3312', '33', 'Kab. Wonogiri'),
('3313', '33', 'Kab. Karanganyar'),
('3314', '33', 'Kab. Sragen'),
('3315', '33', 'Kab. Grobogan'),
('3316', '33', 'Kab. Blora'),
('3317', '33', 'Kab. Rembang'),
('3318', '33', 'Kab. Pati'),
('3319', '33', 'Kab. Kudus'),
('3320', '33', 'Kab. Jepara'),
('3321', '33', 'Kab. Demak'),
('3322', '33', 'Kab. Semarang'),
('3323', '33', 'Kab. Temanggung'),
('3324', '33', 'Kab. Kendal'),
('3325', '33', 'Kab. Batang'),
('3326', '33', 'Kab. Pekalongan'),
('3327', '33', 'Kab. Pemalang'),
('3328', '33', 'Kab. Tegal'),
('3329', '33', 'Kab. Brebes'),
('3371', '33', 'Kota Magelang'),
('3372', '33', 'Kota Surakarta'),
('3373', '33', 'Kota Salatiga'),
('3374', '33', 'Kota Semarang'),
('3375', '33', 'Kota Pekalongan'),
('3376', '33', 'Kota Tegal'),
('3401', '34', 'Kab. Kulon Progo'),
('3402', '34', 'Kab. Bantul'),
('3403', '34', 'Kab. Gunung Kidul'),
('3404', '34', 'Kab. Sleman'),
('3471', '34', 'Kota Yogyakarta'),
('3501', '35', 'Kab. Pacitan'),
('3502', '35', 'Kab. Ponorogo'),
('3503', '35', 'Kab. Trenggalek'),
('3504', '35', 'Kab. Tulungagung'),
('3505', '35', 'Kab. Blitar'),
('3506', '35', 'Kab. Kediri'),
('3507', '35', 'Kab. Malang'),
('3508', '35', 'Kab. Lumajang'),
('3509', '35', 'Kab. Jember'),
('3510', '35', 'Kab. Banyuwangi'),
('3511', '35', 'Kab. Bondowoso'),
('3512', '35', 'Kab. Situbondo'),
('3513', '35', 'Kab. Probolinggo'),
('3514', '35', 'Kab. Pasuruan'),
('3515', '35', 'Kab. Sidoarjo'),
('3516', '35', 'Kab. Mojokerto'),
('3517', '35', 'Kab. Jombang'),
('3518', '35', 'Kab. Nganjuk'),
('3519', '35', 'Kab. Madiun'),
('3520', '35', 'Kab. Magetan'),
('3521', '35', 'Kab. Ngawi'),
('3522', '35', 'Kab. Bojonegoro'),
('3523', '35', 'Kab. Tuban'),
('3524', '35', 'Kab. Lamongan'),
('3525', '35', 'Kab. Gresik'),
('3526', '35', 'Kab. Bangkalan'),
('3527', '35', 'Kab. Sampang'),
('3528', '35', 'Kab. Pamekasan'),
('3529', '35', 'Kab. Sumenep'),
('3571', '35', 'Kota Kediri'),
('3572', '35', 'Kota Blitar'),
('3573', '35', 'Kota Malang'),
('3574', '35', 'Kota Probolinggo'),
('3575', '35', 'Kota Pasuruan'),
('3576', '35', 'Kota Mojokerto'),
('3577', '35', 'Kota Madiun'),
('3578', '35', 'Kota Surabaya'),
('3579', '35', 'Kota Batu'),
('3601', '36', 'Kab. Pandeglang'),
('3602', '36', 'Kab. Lebak'),
('3603', '36', 'Kab. Tangerang'),
('3604', '36', 'Kab. Serang'),
('3671', '36', 'Kota Tangerang'),
('3672', '36', 'Kota Cilegon'),
('3673', '36', 'Kota Serang'),
('3674', '36', 'Kota Tangerang Selatan'),
('5101', '51', 'Kab. Jembrana'),
('5102', '51', 'Kab. Tabanan'),
('5103', '51', 'Kab. Badung'),
('5104', '51', 'Kab. Gianyar'),
('5105', '51', 'Kab. Klungkung'),
('5106', '51', 'Kab. Bangli'),
('5107', '51', 'Kab. Karang Asem'),
('5108', '51', 'Kab. Buleleng'),
('5171', '51', 'Kota Denpasar'),
('5201', '52', 'Kab. Lombok Barat'),
('5202', '52', 'Kab. Lombok Tengah'),
('5203', '52', 'Kab. Lombok Timur'),
('5204', '52', 'Kab. Sumbawa'),
('5205', '52', 'Kab. Dompu'),
('5206', '52', 'Kab. Bima'),
('5207', '52', 'Kab. Sumbawa Barat'),
('5208', '52', 'Kab. Lombok Utara'),
('5271', '52', 'Kota Mataram'),
('5272', '52', 'Kota Bima'),
('5301', '53', 'Kab. Sumba Barat'),
('5302', '53', 'Kab. Sumba Timur'),
('5303', '53', 'Kab. Kupang'),
('5304', '53', 'Kab. Timor Tengah Selatan'),
('5305', '53', 'Kab. Timor Tengah Utara'),
('5306', '53', 'Kab. Belu'),
('5307', '53', 'Kab. Alor'),
('5308', '53', 'Kab. Lembata'),
('5309', '53', 'Kab. Flores Timur'),
('5310', '53', 'Kab. Sikka'),
('5311', '53', 'Kab. Ende'),
('5312', '53', 'Kab. Ngada'),
('5313', '53', 'Kab. Manggarai'),
('5314', '53', 'Kab. Rote Ndao'),
('5315', '53', 'Kab. Manggarai Barat'),
('5316', '53', 'Kab. Sumba Tengah'),
('5317', '53', 'Kab. Sumba Barat Daya'),
('5318', '53', 'Kab. Nagekeo'),
('5319', '53', 'Kab. Manggarai Timur'),
('5320', '53', 'Kab. Sabu Raijua'),
('5371', '53', 'Kota Kupang'),
('6101', '61', 'Kab. Sambas'),
('6102', '61', 'Kab. Bengkayang'),
('6103', '61', 'Kab. Landak'),
('6104', '61', 'Kab. Pontianak'),
('6105', '61', 'Kab. Sanggau'),
('6106', '61', 'Kab. Ketapang'),
('6107', '61', 'Kab. Sintang'),
('6108', '61', 'Kab. Kapuas Hulu'),
('6109', '61', 'Kab. Sekadau'),
('6110', '61', 'Kab. Melawi'),
('6111', '61', 'Kab. Kayong Utara'),
('6112', '61', 'Kab. Kubu Raya'),
('6171', '61', 'Kota Pontianak'),
('6172', '61', 'Kota Singkawang'),
('6201', '62', 'Kab. Kotawaringin Barat'),
('6202', '62', 'Kab. Kotawaringin Timur'),
('6203', '62', 'Kab. Kapuas'),
('6204', '62', 'Kab. Barito Selatan'),
('6205', '62', 'Kab. Barito Utara'),
('6206', '62', 'Kab. Sukamara'),
('6207', '62', 'Kab. Lamandau'),
('6208', '62', 'Kab. Seruyan'),
('6209', '62', 'Kab. Katingan'),
('6210', '62', 'Kab. Pulang Pisau'),
('6211', '62', 'Kab. Gunung Mas'),
('6212', '62', 'Kab. Barito Timur'),
('6213', '62', 'Kab. Murung Raya'),
('6271', '62', 'Kota Palangka Raya'),
('6301', '63', 'Kab. Tanah Laut'),
('6302', '63', 'Kab. Kota Baru'),
('6303', '63', 'Kab. Banjar'),
('6304', '63', 'Kab. Barito Kuala'),
('6305', '63', 'Kab. Tapin'),
('6306', '63', 'Kab. Hulu Sungai Selatan'),
('6307', '63', 'Kab. Hulu Sungai Tengah'),
('6308', '63', 'Kab. Hulu Sungai Utara'),
('6309', '63', 'Kab. Tabalong'),
('6310', '63', 'Kab. Tanah Bumbu'),
('6311', '63', 'Kab. Balangan'),
('6371', '63', 'Kota Banjarmasin'),
('6372', '63', 'Kota Banjar Baru'),
('6401', '64', 'Kab. Paser'),
('6402', '64', 'Kab. Kutai Barat'),
('6403', '64', 'Kab. Kutai Kartanegara'),
('6404', '64', 'Kab. Kutai Timur'),
('6405', '64', 'Kab. Berau'),
('6409', '64', 'Kab. Penajam Paser Utara'),
('6471', '64', 'Kota Balikpapan'),
('6472', '64', 'Kota Samarinda'),
('6474', '64', 'Kota Bontang'),
('6501', '65', 'Kab. Malinau'),
('6502', '65', 'Kab. Bulungan'),
('6503', '65', 'Kab. Tana Tidung'),
('6504', '65', 'Kab. Nunukan'),
('6571', '65', 'Kota Tarakan'),
('7101', '71', 'Kab. Bolaang Mongondow'),
('7102', '71', 'Kab. Minahasa'),
('7103', '71', 'Kab. Kepulauan Sangihe'),
('7104', '71', 'Kab. Kepulauan Talaud'),
('7105', '71', 'Kab. Minahasa Selatan'),
('7106', '71', 'Kab. Minahasa Utara'),
('7107', '71', 'Kab. Bolaang Mongondow Utara'),
('7108', '71', 'Kab. Siau Tagulandang Biaro'),
('7109', '71', 'Kab. Minahasa Tenggara'),
('7110', '71', 'Kab. Bolaang Mongondow Selatan'),
('7111', '71', 'Kab. Bolaang Mongondow Timur'),
('7171', '71', 'Kota Manado'),
('7172', '71', 'Kota Bitung'),
('7173', '71', 'Kota Tomohon'),
('7174', '71', 'Kota Kotamobagu'),
('7201', '72', 'Kab. Banggai Kepulauan'),
('7202', '72', 'Kab. Banggai'),
('7203', '72', 'Kab. Morowali'),
('7204', '72', 'Kab. Poso'),
('7205', '72', 'Kab. Donggala'),
('7206', '72', 'Kab. Toli-toli'),
('7207', '72', 'Kab. Buol'),
('7208', '72', 'Kab. Parigi Moutong'),
('7209', '72', 'Kab. Tojo Una-una'),
('7210', '72', 'Kab. Sigi'),
('7271', '72', 'Kota Palu'),
('7301', '73', 'Kab. Kepulauan Selayar'),
('7302', '73', 'Kab. Bulukumba'),
('7303', '73', 'Kab. Bantaeng'),
('7304', '73', 'Kab. Jeneponto'),
('7305', '73', 'Kab. Takalar'),
('7306', '73', 'Kab. Gowa'),
('7307', '73', 'Kab. Sinjai'),
('7308', '73', 'Kab. Maros'),
('7309', '73', 'Kab. Pangkajene Dan Kepulauan'),
('7310', '73', 'Kab. Barru'),
('7311', '73', 'Kab. Bone'),
('7312', '73', 'Kab. Soppeng'),
('7313', '73', 'Kab. Wajo'),
('7314', '73', 'Kab. Sidenreng Rappang'),
('7315', '73', 'Kab. Pinrang'),
('7316', '73', 'Kab. Enrekang'),
('7317', '73', 'Kab. Luwu'),
('7318', '73', 'Kab. Tana Toraja'),
('7322', '73', 'Kab. Luwu Utara'),
('7325', '73', 'Kab. Luwu Timur'),
('7326', '73', 'Kab. Toraja Utara'),
('7371', '73', 'Kota Makassar'),
('7372', '73', 'Kota Parepare'),
('7373', '73', 'Kota Palopo'),
('7401', '74', 'Kab. Buton'),
('7402', '74', 'Kab. Muna'),
('7403', '74', 'Kab. Konawe'),
('7404', '74', 'Kab. Kolaka'),
('7405', '74', 'Kab. Konawe Selatan'),
('7406', '74', 'Kab. Bombana'),
('7407', '74', 'Kab. Wakatobi'),
('7408', '74', 'Kab. Kolaka Utara'),
('7409', '74', 'Kab. Buton Utara'),
('7410', '74', 'Kab. Konawe Utara'),
('7471', '74', 'Kota Kendari'),
('7472', '74', 'Kota Baubau'),
('7501', '75', 'Kab. Boalemo'),
('7502', '75', 'Kab. Gorontalo'),
('7503', '75', 'Kab. Pohuwato'),
('7504', '75', 'Kab. Bone Bolango'),
('7505', '75', 'Kab. Gorontalo Utara'),
('7571', '75', 'Kota Gorontalo'),
('7601', '76', 'Kab. Majene'),
('7602', '76', 'Kab. Polewali Mandar'),
('7603', '76', 'Kab. Mamasa'),
('7604', '76', 'Kab. Mamuju'),
('7605', '76', 'Kab. Mamuju Utara'),
('8101', '81', 'Kab. Maluku Tenggara Barat'),
('8102', '81', 'Kab. Maluku Tenggara'),
('8103', '81', 'Kab. Maluku Tengah'),
('8104', '81', 'Kab. Buru'),
('8105', '81', 'Kab. Kepulauan Aru'),
('8106', '81', 'Kab. Seram Bagian Barat'),
('8107', '81', 'Kab. Seram Bagian Timur'),
('8108', '81', 'Kab. Maluku Barat Daya'),
('8109', '81', 'Kab. Buru Selatan'),
('8171', '81', 'Kota Ambon'),
('8172', '81', 'Kota Tual'),
('8201', '82', 'Kab. Halmahera Barat'),
('8202', '82', 'Kab. Halmahera Tengah'),
('8203', '82', 'Kab. Kepulauan Sula'),
('8204', '82', 'Kab. Halmahera Selatan'),
('8205', '82', 'Kab. Halmahera Utara'),
('8206', '82', 'Kab. Halmahera Timur'),
('8207', '82', 'Kab. Pulau Morotai'),
('8271', '82', 'Kota Ternate'),
('8272', '82', 'Kota Tidore Kepulauan'),
('9101', '91', 'Kab. Fakfak'),
('9102', '91', 'Kab. Kaimana'),
('9103', '91', 'Kab. Teluk Wondama'),
('9104', '91', 'Kab. Teluk Bintuni'),
('9105', '91', 'Kab. Manokwari'),
('9106', '91', 'Kab. Sorong Selatan'),
('9107', '91', 'Kab. Sorong'),
('9108', '91', 'Kab. Raja Ampat'),
('9109', '91', 'Kab. Tambrauw'),
('9110', '91', 'Kab. Maybrat'),
('9171', '91', 'Kota Sorong'),
('9401', '94', 'Kab. Merauke'),
('9402', '94', 'Kab. Jayawijaya'),
('9403', '94', 'Kab. Jayapura'),
('9404', '94', 'Kab. Nabire'),
('9408', '94', 'Kab. Kepulauan Yapen'),
('9409', '94', 'Kab. Biak Numfor'),
('9410', '94', 'Kab. Paniai'),
('9411', '94', 'Kab. Puncak Jaya'),
('9412', '94', 'Kab. Mimika'),
('9413', '94', 'Kab. Boven Digoel'),
('9414', '94', 'Kab. Mappi'),
('9415', '94', 'Kab. Asmat'),
('9416', '94', 'Kab. Yahukimo'),
('9417', '94', 'Kab. Pegunungan Bintang'),
('9418', '94', 'Kab. Tolikara'),
('9419', '94', 'Kab. Sarmi'),
('9420', '94', 'Kab. Keerom'),
('9426', '94', 'Kab. Waropen'),
('9427', '94', 'Kab. Supiori'),
('9428', '94', 'Kab. Mamberamo Raya'),
('9429', '94', 'Kab. Nduga'),
('9430', '94', 'Kab. Lanny Jaya'),
('9431', '94', 'Kab. Mamberamo Tengah'),
('9432', '94', 'Kab. Yalimo'),
('9433', '94', 'Kab. Puncak'),
('9434', '94', 'Kab. Dogiyai'),
('9435', '94', 'Kab. Intan Jaya'),
('9436', '94', 'Kab. Deiyai'),
('9471', '94', 'Kota Jayapura');

-- --------------------------------------------------------

--
-- Table structure for table `wilayah_provinsi`
--

CREATE TABLE IF NOT EXISTS `wilayah_provinsi` (
  `id` varchar(2) NOT NULL,
  `nama` varchar(30) NOT NULL,
  PRIMARY KEY (`id`)
) ENGINE=InnoDB DEFAULT CHARSET=latin1;

--
-- Dumping data for table `wilayah_provinsi`
--

INSERT INTO `wilayah_provinsi` (`id`, `nama`) VALUES
('11', 'Aceh'),
('12', 'Sumatera Utara'),
('13', 'Sumatera Barat'),
('14', 'Riau'),
('15', 'Jambi'),
('16', 'Sumatera Selatan'),
('17', 'Bengkulu'),
('18', 'Lampung'),
('19', 'Kepulauan Bangka Belitung'),
('21', 'Kepulauan Riau'),
('31', 'Dki Jakarta'),
('32', 'Jawa Barat'),
('33', 'Jawa Tengah'),
('34', 'Di Yogyakarta'),
('35', 'Jawa Timur'),
('36', 'Banten'),
('51', 'Bali'),
('52', 'Nusa Tenggara Barat'),
('53', 'Nusa Tenggara Timur'),
('61', 'Kalimantan Barat'),
('62', 'Kalimantan Tengah'),
('63', 'Kalimantan Selatan'),
('64', 'Kalimantan Timur'),
('65', 'Kalimantan Utara'),
('71', 'Sulawesi Utara'),
('72', 'Sulawesi Tengah'),
('73', 'Sulawesi Selatan'),
('74', 'Sulawesi Tenggara'),
('75', 'Gorontalo'),
('76', 'Sulawesi Barat'),
('81', 'Maluku'),
('82', 'Maluku Utara'),
('91', 'Papua Barat'),
('94', 'Papua');

/*!40101 SET CHARACTER_SET_CLIENT=@OLD_CHARACTER_SET_CLIENT */;
/*!40101 SET CHARACTER_SET_RESULTS=@OLD_CHARACTER_SET_RESULTS */;
/*!40101 SET COLLATION_CONNECTION=@OLD_COLLATION_CONNECTION */;
